date,value
2015-02-18,424
2015-02-19,5348
2015-02-20,6261
2015-02-21,3527
2015-02-22,3202
2015-02-23,4991
2015-02-24,5641
2015-02-25,4898
2015-02-26,5361
2015-02-27,4935
2015-02-28,3438
2015-03-01,2774
2015-03-02,4173
2015-03-03,5056
2015-03-04,4883
2015-03-05,4577
2015-03-06,5056
2015-03-07,3290
2015-03-08,3292
2015-03-09,6010
2015-03-10,5647
2015-03-11,5521
2015-03-12,5444
2015-03-13,4872
2015-03-14,3104
2015-03-15,3333
2015-03-16,5695
2015-03-17,5906
2015-03-18,6400
2015-03-19,6571
2015-03-20,5638
2015-03-21,3168
2015-03-22,3069
2015-03-23,5880
2015-03-24,7897
2015-03-25,6531
2015-03-26,6157
2015-03-27,6466
2015-03-28,4125
2015-03-29,3916
2015-03-30,5733
2015-03-31,6020
2015-04-01,5788
2015-04-02,5359
2015-04-03,3658
2015-04-04,2781
2015-04-05,2430
2015-04-06,3014
2015-04-07,4316
2015-04-08,4395
2015-04-09,4396
2015-04-10,4014
2015-04-11,2646
2015-04-12,3321
2015-04-13,6664
2015-04-14,6060
2015-04-15,6373
2015-04-16,5223
2015-04-17,4530
2015-04-18,2828
2015-04-19,2741
2015-04-20,4495
2015-04-21,5040
2015-04-22,4708
2015-04-23,5369
2015-04-24,5317
2015-04-25,3174
2015-04-26,2991
2015-04-27,5169
2015-04-28,4766
2015-04-29,4340
2015-04-30,5139
2015-05-01,3609
2015-05-02,2930
2015-05-03,2981
2015-05-04,4751
2015-05-05,4962
2015-05-06,6076
2015-05-07,5690
2015-05-08,6152
2015-05-09,3804
2015-05-10,4149
2015-05-11,5341
2015-05-12,5623
2015-05-13,4579
2015-05-14,3781
2015-05-15,3983
2015-05-16,2076
2015-05-17,2391
2015-05-18,4337
2015-05-19,4602
2015-05-20,4900
2015-05-21,5133
2015-05-22,4446
2015-05-23,2531
2015-05-24,2111
2015-05-25,3206
2015-05-26,4149
2015-05-27,4765
2015-05-28,4460
2015-05-29,5067
2015-05-30,2917
2015-05-31,2800
2015-06-01,5409
2015-06-02,5643
2015-06-03,5270
2015-06-04,5314
2015-06-05,5725
2015-06-06,4262
2015-06-07,6155
2015-06-08,7634
2015-06-09,6450
2015-06-10,6418
2015-06-11,5454
2015-06-12,4796
2015-06-13,2952
2015-06-14,2767
2015-06-15,4127
2015-06-16,4273
2015-06-17,4568
2015-06-18,4990
2015-06-19,4130
2015-06-20,3120
2015-06-21,4866
2015-06-22,7591
2015-06-23,6172
2015-06-24,6213
2015-06-25,5086
2015-06-26,5075
2015-06-27,3006
2015-06-28,3857
2015-06-29,5270
2015-06-30,5032
2015-07-01,5262
2015-07-02,5436
2015-07-03,4124
2015-07-04,3269
2015-07-05,4413
2015-07-06,7675
2015-07-07,7287
2015-07-08,6380
2015-07-09,6268
2015-07-10,6235
2015-07-11,4198
2015-07-12,4490
2015-07-13,6022
2015-07-14,6696
2015-07-15,7414
2015-07-16,6566
2015-07-17,6352
2015-07-18,3625
2015-07-19,3507
2015-07-20,5303
2015-07-21,5407
2015-07-22,4710
2015-07-23,4892
2015-07-24,4287
2015-07-25,2923
2015-07-26,2853
2015-07-27,4430
2015-07-28,4283
2015-07-29,4903
2015-07-30,4595
2015-07-31,4464
2015-08-01,3060
2015-08-02,2848
2015-08-03,4453
2015-08-04,4422
2015-08-05,4711
2015-08-06,3817
2015-08-07,4054
2015-08-08,2701
2015-08-09,2759
2015-08-10,4283
2015-08-11,4469
2015-08-12,4398
2015-08-13,4879
2015-08-14,4838
2015-08-15,2900
2015-08-16,3021
2015-08-17,4722
2015-08-18,5169
2015-08-19,5863
2015-08-20,5564
2015-08-21,4855
2015-08-22,3297
2015-08-23,4301
2015-08-24,6849
2015-08-25,6616
2015-08-26,6894
2015-08-27,6284
2015-08-28,5836
2015-08-29,4129
2015-08-30,4342
2015-08-31,6599
2015-09-01,7344
2015-09-02,7042
2015-09-03,7676
2015-09-04,7465
2015-09-05,6122
2015-09-06,6304
2015-09-07,9205
2015-09-08,8093
2015-09-09,7960
2015-09-10,7329
2015-09-11,6987
2015-09-12,5084
2015-09-13,6392
2015-09-14,9366
2015-09-15,8195
2015-09-16,7483
2015-09-17,7319
2015-09-18,6573
2015-09-19,3967
2015-09-20,4019
2015-09-21,6584
2015-09-22,7245
2015-09-23,7161
2015-09-24,6597
2015-09-25,6014
2015-09-26,3837
2015-09-27,4098
2015-09-28,6514
2015-09-29,6327
2015-09-30,5462
2015-10-01,6304
2015-10-02,6436
2015-10-03,4183
2015-10-04,3797
2015-10-05,5924
2015-10-06,6209
2015-10-07,6944
2015-10-08,6793
2015-10-09,6048
2015-10-10,3900
2015-10-11,3967
2015-10-12,5684
2015-10-13,5768
2015-10-14,5699
2015-10-15,6314
2015-10-16,6243
2015-10-17,4766
2015-10-18,5029
2015-10-19,6807
2015-10-20,6420
2015-10-21,874
2015-10-22,860
2015-10-23,7275
2015-10-24,4324
2015-10-25,3804
2015-10-26,5403
2015-10-27,5588
2015-10-28,5728
2015-10-29,6543
2015-10-30,6005
2015-10-31,3458
2015-11-01,3787
2015-11-02,5456
2015-11-03,5591
2015-11-04,6138
2015-11-05,6094
2015-11-06,6036
2015-11-07,3598
2015-11-08,3651
2015-11-09,5733
2015-11-10,6385
2015-11-11,6243
2015-11-12,6313
2015-11-13,5293
2015-11-14,4638
2015-11-15,3438
2015-11-16,5489
2015-11-17,4516
2015-11-18,5038
2015-11-19,4673
2015-11-20,4949
2015-11-21,3159
2015-11-22,3015
2015-11-23,4601
2015-11-24,5048
2015-11-25,6103
2015-11-26,6349
2015-11-27,5491
2015-11-28,3161
2015-11-29,3440
2015-11-30,5051
2015-12-01,5454
2015-12-02,5693
2015-12-03,5098
2015-12-04,5941
2015-12-05,3247
2015-12-06,3046
2015-12-07,5234
2015-12-08,4854
2015-12-09,5470
2015-12-10,5245
2015-12-11,4376
2015-12-12,2617
2015-12-13,2934
2015-12-14,4752
2015-12-15,5143
2015-12-16,5128
2015-12-17,4454
2015-12-18,4536
2015-12-19,2919
2015-12-20,2446
2015-12-21,3813
2015-12-22,3987
2015-12-23,3831
2015-12-24,3204
2015-12-25,1980
2015-12-26,1982
2015-12-27,2593
2015-12-28,3294
2015-12-29,3398
2015-12-30,3821
2015-12-31,3575
2016-01-01,3460
2016-01-02,2751
2016-01-03,2618
2016-01-04,4976
2016-01-05,5366
2016-01-06,6038
2016-01-07,6196
2016-01-08,6599
2016-01-09,5206
2016-01-10,5279
2016-01-11,7833
2016-01-12,8887
2016-01-13,8573
2016-01-14,6826
2016-01-15,6203
2016-01-16,4628
2016-01-17,4746
2016-01-18,7299
2016-01-19,7488
2016-01-20,6602
2016-01-21,6054
2016-01-22,6533
2016-01-23,4078
2016-01-24,3174
2016-01-25,4773
2016-01-26,5199
2016-01-27,5634
2016-01-28,5824
2016-01-29,5797
2016-01-30,3874
2016-01-31,3658
2016-02-01,6247
2016-02-02,5873
2016-02-03,6234
2016-02-04,6668
2016-02-05,5810
2016-02-06,3568
2016-02-07,3464
2016-02-08,6018
2016-02-09,6867
2016-02-10,6962
2016-02-11,8113
2016-02-12,9243
2016-02-13,7468
2016-02-14,5561
2016-02-15,7801
2016-02-16,7253
2016-02-17,6502
2016-02-18,6004
2016-02-19,6032
2016-02-20,3759
2016-02-21,3704
2016-02-22,5854
2016-02-23,5821
2016-02-24,5633
2016-02-25,5373
2016-02-26,5363
2016-02-27,3455
2016-02-28,3267
2016-02-29,5543
2016-03-01,5829
2016-03-02,6006
2016-03-03,5897
2016-03-04,5667
2016-03-05,3267
2016-03-06,3334
2016-03-07,5615
2016-03-08,5427
2016-03-09,5476
2016-03-10,5446
2016-03-11,5796
2016-03-12,3526
2016-03-13,4386
2016-03-14,5960
2016-03-15,5743
2016-03-16,5666
2016-03-17,6101
2016-03-18,5266
2016-03-19,2982
2016-03-20,3078
2016-03-21,4423
2016-03-22,5158
2016-03-23,5423
2016-03-24,4259
2016-03-25,3552
2016-03-26,2756
2016-03-27,2287
2016-03-28,3014
2016-03-29,4157
2016-03-30,4484
2016-03-31,4558
2016-04-01,4334
2016-04-02,2878
2016-04-03,3134
2016-04-04,5537
2016-04-05,5278
2016-04-06,5854
2016-04-07,5647
2016-04-08,5381
2016-04-09,3271
2016-04-10,3192
2016-04-11,5071
2016-04-12,5863
2016-04-13,5379
2016-04-14,5141
2016-04-15,5631
2016-04-16,3708
2016-04-17,3172
2016-04-18,5205
2016-04-19,6430
2016-04-20,6935
2016-04-21,6476
2016-04-22,6607
2016-04-23,5679
2016-04-24,5894
2016-04-25,8845
2016-04-26,7573
2016-04-27,6494
2016-04-28,6022
2016-04-29,6219
2016-04-30,4581
2016-05-01,4238
2016-05-02,5678
2016-05-03,6554
2016-05-04,6888
2016-05-05,5322
2016-05-06,5621
2016-05-07,3451
2016-05-08,3368
2016-05-09,5869
2016-05-10,7562
2016-05-11,6888
2016-05-12,6066
2016-05-13,5829
2016-05-14,3586
2016-05-15,3446
2016-05-16,4334
2016-05-17,5271
2016-05-18,5360
2016-05-19,5312
2016-05-20,5255
2016-05-21,3269
2016-05-22,3109
2016-05-23,6027
2016-05-24,5966
2016-05-25,5609
2016-05-26,5658
2016-05-27,4786
2016-05-28,3557
2016-05-29,3867
2016-05-30,5573
2016-05-31,6666
2016-06-01,6514
2016-06-02,9103
2016-06-03,7297
2016-06-04,4819
2016-06-05,3546
2016-06-06,6006
2016-06-07,6236
2016-06-08,5887
2016-06-09,5939
2016-06-10,5146
2016-06-11,3254
2016-06-12,3471
2016-06-13,5596
2016-06-14,5391
2016-06-15,5787
2016-06-16,5456
2016-06-17,5560
2016-06-18,3162
2016-06-19,3131
2016-06-20,5592
2016-06-21,6062
2016-06-22,6456
2016-06-23,7768
2016-06-24,8183
2016-06-25,5878
2016-06-26,5248
2016-06-27,7541
2016-06-28,7048
2016-06-29,6686
2016-06-30,6395
2016-07-01,5425
2016-07-02,3773
2016-07-03,3571
2016-07-04,4858
2016-07-05,5874
2016-07-06,5449
2016-07-07,6091
2016-07-08,5399
2016-07-09,3759
2016-07-10,3502
2016-07-11,5429
2016-07-12,5657
2016-07-13,6336
2016-07-14,6411
2016-07-15,5064
2016-07-16,4071
2016-07-17,3069
2016-07-18,6073
2016-07-19,7773
2016-07-20,7219
2016-07-21,5603
2016-07-22,9192
2016-07-23,11332
2016-07-24,7570
2016-07-25,10853
2016-07-26,8508
2016-07-27,7261
2016-07-28,7835
2016-07-29,6114
2016-07-30,3709
2016-07-31,4233
2016-08-01,5935
2016-08-02,5410
2016-08-03,5374
2016-08-04,4816
2016-08-05,4615
2016-08-06,2715
2016-08-07,3038
2016-08-08,4716
2016-08-09,5312
2016-08-10,5372
2016-08-11,5757
2016-08-12,4799
2016-08-13,3468
2016-08-14,3191
2016-08-15,5063
2016-08-16,5508
2016-08-17,6009
2016-08-18,5098
2016-08-19,5332
2016-08-20,3266
2016-08-21,3308
2016-08-22,5467
2016-08-23,6028
2016-08-24,5286
2016-08-25,5942
2016-08-26,5234
2016-08-27,3316
2016-08-28,4127
2016-08-29,5687
2016-08-30,5468
2016-08-31,6225
2016-09-01,6551
2016-09-02,6498
2016-09-03,4149
2016-09-04,4534
2016-09-05,5904
2016-09-06,6058
2016-09-07,5619
2016-09-08,5902
2016-09-09,5600
2016-09-10,3224
2016-09-11,2923
2016-09-12,4744
2016-09-13,6495
2016-09-14,6715
2016-09-15,6926
2016-09-16,6437
2016-09-17,4136
2016-09-18,3508
2016-09-19,5684
2016-09-20,5133
2016-09-21,5619
2016-09-22,5545
2016-09-23,5272
2016-09-24,3392
2016-09-25,3190
2016-09-26,5641
2016-09-27,6185
2016-09-28,7118
2016-09-29,6526
2016-09-30,7070
2016-10-01,4176
2016-10-02,3638
2016-10-03,5797
2016-10-04,6346
2016-10-05,6347
2016-10-06,6017
2016-10-07,6318
2016-10-08,4962
2016-10-09,4819
2016-10-10,7826
2016-10-11,7088
2016-10-12,7083
2016-10-13,8184
2016-10-14,6605
2016-10-15,4082
2016-10-16,3680
2016-10-17,6142
2016-10-18,7163
2016-10-19,7662
2016-10-20,8084
2016-10-21,6389
2016-10-22,3279
2016-10-23,2874
2016-10-24,4969
2016-10-25,5959
2016-10-26,5642
2016-10-27,5450
2016-10-28,4787
2016-10-29,2935
2016-10-30,3028
2016-10-31,4932
2016-11-01,4501
2016-11-02,5578
2016-11-03,5953
2016-11-04,6036
2016-11-05,3718
2016-11-06,3651
2016-11-07,5735
2016-11-08,6642
2016-11-09,6529
2016-11-10,5734
2016-11-11,7295
2016-11-12,4126
2016-11-13,3105
2016-11-14,5781
2016-11-15,8064
2016-11-16,7569
2016-11-17,8066
2016-11-18,8686
2016-11-19,4338
2016-11-20,4265
2016-11-21,6423
2016-11-22,6614
2016-11-23,6569
2016-11-24,6088
2016-11-25,5636
2016-11-26,3138
2016-11-27,3076
2016-11-28,5828
2016-11-29,7202
2016-11-30,6507
2016-12-01,5918
2016-12-02,5243
2016-12-03,3207
2016-12-04,3616
2016-12-05,5869
2016-12-06,6297
2016-12-07,6379
2016-12-08,7282
2016-12-09,6455
2016-12-10,3427
2016-12-11,2754
2016-12-12,4759
2016-12-13,5178
2016-12-14,5371
2016-12-15,6449
2016-12-16,6368
2016-12-17,3791
2016-12-18,3563
2016-12-19,6853
2016-12-20,15780
2016-12-21,12779
2016-12-22,11363
2016-12-23,11015
2016-12-24,6577
2016-12-25,3831
2016-12-26,3880
2016-12-27,4419
2016-12-28,5676
2016-12-29,5262
2016-12-30,4625
2016-12-31,3494
2017-01-01,2814
2017-01-02,4476
2017-01-03,5037
2017-01-04,5172
2017-01-05,4504
2017-01-06,4859
2017-01-07,2725
2017-01-08,3108
2017-01-09,5054
2017-01-10,5848
2017-01-11,5650
2017-01-12,5766
2017-01-13,5698
2017-01-14,3667
2017-01-15,3547
2017-01-16,7367
2017-01-17,7228
2017-01-18,6236
2017-01-19,6002
2017-01-20,5569
2017-01-21,3983
2017-01-22,3923
2017-01-23,5345
2017-01-24,5808
2017-01-25,5853
2017-01-26,5849
2017-01-27,7333
2017-01-28,5604
2017-01-29,6086
2017-01-30,8570
2017-01-31,7021
2017-02-01,7934
2017-02-02,7804
2017-02-03,6658
2017-02-04,3863
2017-02-05,3500
2017-02-06,6070
2017-02-07,7074
2017-02-08,6972
2017-02-09,7156
2017-02-10,6397
2017-02-11,4077
2017-02-12,4421
2017-02-13,6674
2017-02-14,6813
2017-02-15,7837
2017-02-16,9068
2017-02-17,10284
2017-02-18,9030
2017-02-19,7127
2017-02-20,9127
2017-02-21,7009
2017-02-22,7034
2017-02-23,6740
2017-02-24,6337
2017-02-25,4659
2017-02-26,4363
2017-02-27,7359
2017-02-28,7021
2017-03-01,6619
2017-03-02,8409
2017-03-03,10282
2017-03-04,6098
2017-03-05,5639
2017-03-06,8798
2017-03-07,7803
2017-03-08,8143
2017-03-09,9029
2017-03-10,7732
2017-03-11,5677
2017-03-12,5882
2017-03-13,8545
2017-03-14,8844
2017-03-15,8075
2017-03-16,8585
2017-03-17,10333
2017-03-18,6993
2017-03-19,7148
2017-03-20,8125
2017-03-21,7134
2017-03-22,6976
2017-03-23,6100
2017-03-24,5947
2017-03-25,4066
2017-03-26,3697
2017-03-27,6239
2017-03-28,6443
2017-03-29,6616
2017-03-30,6364
2017-03-31,5720
2017-04-01,3156
2017-04-02,3057
2017-04-03,5369
2017-04-04,5680
2017-04-05,6073
2017-04-06,6732
2017-04-07,6040
2017-04-08,3415
2017-04-09,3087
2017-04-10,5128
2017-04-11,5783
2017-04-12,5505
2017-04-13,5591
2017-04-14,4283
2017-04-15,2674
2017-04-16,2589
2017-04-17,3777
2017-04-18,4547
2017-04-19,4578
2017-04-20,4906
2017-04-21,4904
2017-04-22,3554
2017-04-23,3675
2017-04-24,6098
2017-04-25,7890
2017-04-26,6722
2017-04-27,6818
2017-04-28,6424
2017-04-29,3432
2017-04-30,3748
2017-05-01,5039
2017-05-02,7817
2017-05-03,6975
2017-05-04,5294
2017-05-05,5152
2017-05-06,3397
2017-05-07,4232
2017-05-08,6228
2017-05-09,6374
2017-05-10,5768
2017-05-11,5280
2017-05-12,5274
2017-05-13,3404
2017-05-14,3357
2017-05-15,7058
2017-05-16,5829
2017-05-17,6112
2017-05-18,6149
2017-05-19,5552
2017-05-20,3598
2017-05-21,2918
2017-05-22,4827
2017-05-23,5245
2017-05-24,5609
2017-05-25,6766
2017-05-26,6610
2017-05-27,4204
2017-05-28,4140
2017-05-29,6730
2017-05-30,8462
2017-05-31,8351
2017-06-01,6919
2017-06-02,6514
2017-06-03,4283
2017-06-04,3212
2017-06-05,5200
2017-06-06,5314
2017-06-07,6023
2017-06-08,5736
2017-06-09,5605
2017-06-10,4032
2017-06-11,3611
2017-06-12,5531
2017-06-13,6398
2017-06-14,5235
2017-06-15,5052
2017-06-16,5682
2017-06-17,4024
2017-06-18,3331
2017-06-19,4798
2017-06-20,5084
2017-06-21,5203
2017-06-22,6108
2017-06-23,5221
2017-06-24,3104
2017-06-25,2595
2017-06-26,4519
2017-06-27,5462
2017-06-28,5887
2017-06-29,6874
2017-06-30,7239
2017-07-01,5029
2017-07-02,4059
2017-07-03,6564
2017-07-04,7314
2017-07-05,8415
2017-07-06,11222
2017-07-07,13487
2017-07-08,10440
2017-07-09,8071
2017-07-10,8070
2017-07-11,6579
2017-07-12,7187
2017-07-13,6929
2017-07-14,5698
2017-07-15,3758
2017-07-16,3115
2017-07-17,5225
2017-07-18,5550
2017-07-19,7001
2017-07-20,7181
2017-07-21,6029
2017-07-22,4222
2017-07-23,3725
2017-07-24,5970
2017-07-25,5330
2017-07-26,5030
2017-07-27,4802
2017-07-28,4694
2017-07-29,3738
2017-07-30,3678
2017-07-31,5024
2017-08-01,5067
2017-08-02,5688
2017-08-03,5070
2017-08-04,4697
2017-08-05,3182
2017-08-06,2919
2017-08-07,4810
2017-08-08,4681
2017-08-09,4460
2017-08-10,3996
2017-08-11,4390
2017-08-12,2671
2017-08-13,2758
2017-08-14,4001
2017-08-15,4634
2017-08-16,5172
2017-08-17,5355
2017-08-18,5306
2017-08-19,4609
2017-08-20,4074
2017-08-21,4656
2017-08-22,4728
2017-08-23,5114
2017-08-24,2349
2017-08-25,4708
2017-08-26,2930
2017-08-27,2986
2017-08-28,2871
2017-08-29,66
2017-08-30,1806
2017-08-31,4404
2017-09-01,4671
2017-09-02,3725
2017-09-03,3850
2017-09-04,6363
2017-09-05,6063
2017-09-06,5717
2017-09-07,5167
2017-09-08,4928
2017-09-09,3039
2017-09-10,3368
2017-09-11,5207
2017-09-12,6358
2017-09-13,5896
2017-09-14,5468
2017-09-15,4807
2017-09-16,3911
2017-09-17,3480
2017-09-18,5200
2017-09-19,4968
2017-09-20,5584
2017-09-21,5752
2017-09-22,5323
2017-09-23,4253
2017-09-24,5723
2017-09-25,8186
2017-09-26,6299
2017-09-27,5418
2017-09-28,5475
2017-09-29,5489
2017-09-30,3177
2017-10-01,2760
2017-10-02,4137
2017-10-03,4421
2017-10-04,4225
2017-10-05,4683
2017-10-06,4403
2017-10-07,3218
2017-10-08,3061
2017-10-09,5535
2017-10-10,4852
2017-10-11,4841
2017-10-12,5497
2017-10-13,5229
2017-10-14,3381
2017-10-15,3369
2017-10-16,4297
2017-10-17,4692
2017-10-18,4700
2017-10-19,4983
2017-10-20,5284
2017-10-21,3383
2017-10-22,2797
2017-10-23,5120
2017-10-24,5212
2017-10-25,5751
2017-10-26,5616
2017-10-27,5237
2017-10-28,3341
2017-10-29,3130
2017-10-30,4000
2017-10-31,4614
2017-11-01,4371
2017-11-02,4203
2017-11-03,4173
2017-11-04,3120
2017-11-05,3063
2017-11-06,4959
2017-11-07,5212
2017-11-08,5502
2017-11-09,5885
2017-11-10,5625
2017-11-11,3652
2017-11-12,3018
2017-11-13,4546
2017-11-14,4873
2017-11-15,5027
2017-11-16,4749
2017-11-17,5438
2017-11-18,3764
2017-11-19,3095
2017-11-20,6211
2017-11-21,6442
2017-11-22,5173
2017-11-23,4721
2017-11-24,4998
2017-11-25,2781
2017-11-26,2702
2017-11-27,4249
2017-11-28,5260
2017-11-29,4975
2017-11-30,4631
2017-12-01,4864
2017-12-02,3116
2017-12-03,2862
2017-12-04,4439
2017-12-05,4921
2017-12-06,4956
2017-12-07,5509
2017-12-08,4271
2017-12-09,2406
2017-12-10,2599
2017-12-11,4384
2017-12-12,4339
2017-12-13,4615
2017-12-14,4426
2017-12-15,4571
2017-12-16,2759
2017-12-17,2367
2017-12-18,4505
2017-12-19,4618
2017-12-20,4095
2017-12-21,4064
2017-12-22,3897
2017-12-23,2390
2017-12-24,1874
2017-12-25,1829
2017-12-26,2086
2017-12-27,2975
2017-12-28,3553
2017-12-29,3372
2017-12-30,2342
2017-12-31,2240
2018-01-01,2409
2018-01-02,3484
2018-01-03,4274
2018-01-04,3605
2018-01-05,3614
2018-01-06,2803
2018-01-07,2620
2018-01-08,4324
2018-01-09,3946
2018-01-10,4223
2018-01-11,5308
2018-01-12,5269
2018-01-13,3274
2018-01-14,2836
2018-01-15,3901
2018-01-16,4212
2018-01-17,4816
2018-01-18,4392
2018-01-19,4942
2018-01-20,3004
2018-01-21,3935
2018-01-22,5069
2018-01-23,4930
2018-01-24,5007
2018-01-25,4890
2018-01-26,4465
2018-01-27,3477
2018-01-28,2978
2018-01-29,4287
2018-01-30,4443
2018-01-31,4831
2018-02-01,4444
2018-02-02,4718
2018-02-03,2920
2018-02-04,2913
2018-02-05,5020
2018-02-06,5004
2018-02-07,5163
2018-02-08,4768
2018-02-09,4046
2018-02-10,2949
2018-02-11,2507
2018-02-12,3956
2018-02-13,4221
2018-02-14,4619
2018-02-15,5096
2018-02-16,7660
2018-02-17,5527
2018-02-18,4774
2018-02-19,5423
2018-02-20,5714
2018-02-21,5529
2018-02-22,5035
2018-02-23,5111
2018-02-24,3345
2018-02-25,3160
2018-02-26,4681
2018-02-27,5263
2018-02-28,5277
2018-03-01,5588
2018-03-02,5376
2018-03-03,3230
2018-03-04,2960
2018-03-05,5147
2018-03-06,5335
2018-03-07,5513
2018-03-08,4432
2018-03-09,4788
2018-03-10,3130
2018-03-11,2971
2018-03-12,4944
2018-03-13,4751
2018-03-14,5534
2018-03-15,5089
2018-03-16,6076
2018-03-17,3532
2018-03-18,2990
2018-03-19,5655
2018-03-20,5118
2018-03-21,4981
2018-03-22,5091
2018-03-23,4510
2018-03-24,2817
2018-03-25,6214
2018-03-26,8349
2018-03-27,6841
2018-03-28,5811
2018-03-29,4814
2018-03-30,3530
2018-03-31,2475
2018-04-01,2675
2018-04-02,3407
2018-04-03,5018
2018-04-04,4556
2018-04-05,5777
2018-04-06,6210
2018-04-07,4960
2018-04-08,4149
2018-04-09,5556
2018-04-10,5819
2018-04-11,4808
2018-04-12,6132
2018-04-13,5891
2018-04-14,3990
2018-04-15,3476
2018-04-16,4827
2018-04-17,5542
2018-04-18,6678
2018-04-19,7075
2018-04-20,5650
2018-04-21,3405
2018-04-22,3393
2018-04-23,5173
2018-04-24,5751
2018-04-25,5797
2018-04-26,5709
2018-04-27,6486
2018-04-28,3938
2018-04-29,2987
2018-04-30,4270
2018-05-01,4109
2018-05-02,4592
2018-05-03,5149
2018-05-04,5377
2018-05-05,3657
2018-05-06,3166
2018-05-07,5304
2018-05-08,6373
2018-05-09,7774
2018-05-10,7084
2018-05-11,6488
2018-05-12,3647
2018-05-13,2856
2018-05-14,5115
2018-05-15,5729
2018-05-16,5612
2018-05-17,5475
2018-05-18,5386
2018-05-19,2758
2018-05-20,2706
2018-05-21,3577
2018-05-22,4856
2018-05-23,4846
2018-05-24,5612
2018-05-25,4366
2018-05-26,2512
2018-05-27,3259
2018-05-28,4425
2018-05-29,5834
2018-05-30,4512
2018-05-31,4422
2018-06-01,5757
2018-06-02,3234
2018-06-03,3440
2018-06-04,5656
2018-06-05,5848
2018-06-06,5764
2018-06-07,5760
2018-06-08,5407
2018-06-09,3912
2018-06-10,3704
2018-06-11,6223
2018-06-12,5438
2018-06-13,5131
2018-06-14,5635
2018-06-15,5099
2018-06-16,3296
2018-06-17,3547
2018-06-18,6305
2018-06-19,5666
2018-06-20,6132
2018-06-21,6226
2018-06-22,6170
2018-06-23,3850
2018-06-24,3450
2018-06-25,4975
2018-06-26,6109
2018-06-27,5172
2018-06-28,5714
2018-06-29,5594
2018-06-30,3883
2018-07-01,3775
2018-07-02,5999
2018-07-03,6160
2018-07-04,5368
2018-07-05,6433
2018-07-06,5572
2018-07-07,2843
2018-07-08,2689
2018-07-09,4730
2018-07-10,6250
2018-07-11,9463
2018-07-12,9303
2018-07-13,6053
2018-07-14,3210
2018-07-15,2287
2018-07-16,4379
2018-07-17,4209
2018-07-18,4051
2018-07-19,4680
2018-07-20,4679
2018-07-21,2619
2018-07-22,2540
2018-07-23,4075
2018-07-24,4305
2018-07-25,4056
2018-07-26,3789
2018-07-27,3508
2018-07-28,2745
2018-07-29,2125
2018-07-30,3330
2018-07-31,3752
2018-08-01,3759
2018-08-02,3413
2018-08-03,3382
2018-08-04,2030
2018-08-05,2046
2018-08-06,3721
2018-08-07,4229
2018-08-08,4683
2018-08-09,3776
2018-08-10,3921
2018-08-11,2911
2018-08-12,2495
2018-08-13,4293
2018-08-14,4224
2018-08-15,4174
2018-08-16,4191
2018-08-17,4884
2018-08-18,4167
2018-08-19,3434
2018-08-20,4658
2018-08-21,4303
2018-08-22,5254
2018-08-23,4939
2018-08-24,4656
2018-08-25,3090
2018-08-26,2783
2018-08-27,5169
2018-08-28,5999
2018-08-29,5489
2018-08-30,5686
2018-08-31,5864
2018-09-01,3979
2018-09-02,3327
2018-09-03,5064
2018-09-04,4848
2018-09-05,5457
2018-09-06,4531
2018-09-07,4597
2018-09-08,3140
2018-09-09,3030
2018-09-10,4743
2018-09-11,4522
2018-09-12,5157
2018-09-13,5423
2018-09-14,4799
2018-09-15,3000
2018-09-16,2763
2018-09-17,4286
2018-09-18,5048
2018-09-19,4821
2018-09-20,4495
2018-09-21,4144
2018-09-22,2644
2018-09-23,2927
2018-09-24,3975
2018-09-25,5045
2018-09-26,4887
2018-09-27,5509
2018-09-28,6537
2018-09-29,3576
2018-09-30,2925
2018-10-01,4702
2018-10-02,4923
2018-10-03,4749
2018-10-04,4702
2018-10-05,4175
2018-10-06,2481
2018-10-07,2971
2018-10-08,3830
2018-10-09,4049
2018-10-10,4801
2018-10-11,4456
2018-10-12,4361
2018-10-13,2850
2018-10-14,3076
2018-10-15,5151
2018-10-16,4526
2018-10-17,4126
2018-10-18,4399
2018-10-19,4304
2018-10-20,2332
2018-10-21,3062
2018-10-22,4973
2018-10-23,4647
2018-10-24,4263
2018-10-25,3868
2018-10-26,4263
2018-10-27,3620
2018-10-28,3620
2018-10-29,5865
2018-10-30,5761
2018-10-31,5157
2018-11-01,5122
2018-11-02,4609
2018-11-03,2678
2018-11-04,2763
2018-11-05,4129
2018-11-06,4337
2018-11-07,4175
2018-11-08,5087
2018-11-09,5727
2018-11-10,4299
2018-11-11,4981
2018-11-12,5364
2018-11-13,5222
2018-11-14,4385
2018-11-15,4213
2018-11-16,3998
2018-11-17,2441
2018-11-18,2603
2018-11-19,4417
2018-11-20,3867
2018-11-21,4269
2018-11-22,4056
2018-11-23,3881
2018-11-24,2322
2018-11-25,2192
2018-11-26,4072
2018-11-27,4903
2018-11-28,4872
2018-11-29,6021
2018-11-30,5611
2018-12-01,3538
2018-12-02,3074
2018-12-03,4410
2018-12-04,4668
2018-12-05,4744
2018-12-06,4358
2018-12-07,4715
2018-12-08,2664
2018-12-09,2191
2018-12-10,3748
2018-12-11,4896
2018-12-12,5187
2018-12-13,4548
2018-12-14,3882
2018-12-15,1955
2018-12-16,1893
2018-12-17,3323
2018-12-18,3501
2018-12-19,3520
2018-12-20,3566
2018-12-21,3598
2018-12-22,1974
2018-12-23,1878
2018-12-24,2278
2018-12-25,1356
2018-12-26,1852
2018-12-27,3453
2018-12-28,3057
2018-12-29,2380
2018-12-30,2038
2018-12-31,2163
2019-01-01,1869
2019-01-02,2612
2019-01-03,2835
2019-01-04,3471
2019-01-05,2065
2019-01-06,2044
2019-01-07,3060
2019-01-08,4176
2019-01-09,3921
2019-01-10,4264
2019-01-11,4440
2019-01-12,2300
2019-01-13,2828
2019-01-14,4060
2019-01-15,4695
2019-01-16,3916
2019-01-17,3874
2019-01-18,4150
2019-01-19,2455
2019-01-20,2156
2019-01-21,3812
2019-01-22,4910
2019-01-23,4477
2019-01-24,3950
2019-01-25,3797
2019-01-26,2529
2019-01-27,2712
2019-01-28,3505
2019-01-29,3461
2019-01-30,4289
2019-01-31,4113
2019-02-01,4014
2019-02-02,2291
2019-02-03,2250
2019-02-04,3945
2019-02-05,3931
2019-02-06,4269
2019-02-07,4486
2019-02-08,4278
2019-02-09,2264
2019-02-10,2496
2019-02-11,3658
2019-02-12,4203
2019-02-13,4956
2019-02-14,4742
2019-02-15,5298
2019-02-16,4960
2019-02-17,3802
2019-02-18,5024
2019-02-19,5233
2019-02-20,5361
2019-02-21,4778
2019-02-22,4241
2019-02-23,2434
2019-02-24,2256
2019-02-25,3577
2019-02-26,3564
2019-02-27,3863
2019-02-28,3739
2019-03-01,3593
2019-03-02,2242
2019-03-03,1954
2019-03-04,3459
2019-03-05,3889
2019-03-06,4403
2019-03-07,4926
2019-03-08,3874
2019-03-09,2351
2019-03-10,2430
2019-03-11,4189
2019-03-12,4487
2019-03-13,4160
2019-03-14,4128
2019-03-15,4079
2019-03-16,2493
2019-03-17,2250
2019-03-18,4372
2019-03-19,4716
2019-03-20,4560
2019-03-21,4252
2019-03-22,3808
2019-03-23,2114
2019-03-24,2194
2019-03-25,3875
2019-03-26,4181
2019-03-27,3968
2019-03-28,3906
2019-03-29,3939
2019-03-30,2084
2019-03-31,2071
2019-04-01,3592
2019-04-02,4041
2019-04-03,4262
2019-04-04,4590
2019-04-05,4478
2019-04-06,2752
2019-04-07,2316
2019-04-08,4074
2019-04-09,5014
2019-04-10,4516
2019-04-11,4247
2019-04-12,4311
2019-04-13,2286
2019-04-14,2135
2019-04-15,3941
2019-04-16,4293
2019-04-17,4027
2019-04-18,4082
2019-04-19,2929
2019-04-20,1984
2019-04-21,1823
2019-04-22,2409
2019-04-23,3225
2019-04-24,3242
2019-04-25,3725
2019-04-26,3528
2019-04-27,2170
2019-04-28,1914
2019-04-29,3744
2019-04-30,4231
2019-05-01,3352
2019-05-02,4182
2019-05-03,3758
2019-05-04,2226
2019-05-05,2037
2019-05-06,3141
2019-05-07,4745
2019-05-08,4850
2019-05-09,4516
2019-05-10,3853
2019-05-11,2167
2019-05-12,2038
2019-05-13,4218
2019-05-14,4438
2019-05-15,4357
2019-05-16,4386
2019-05-17,3876
2019-05-18,2440
2019-05-19,2343
2019-05-20,3672
2019-05-21,3814
2019-05-22,4345
2019-05-23,4220
2019-05-24,4113
2019-05-25,2458
2019-05-26,2888
2019-05-27,4016
2019-05-28,4856
2019-05-29,4390
2019-05-30,3699
2019-05-31,4229
2019-06-01,2472
2019-06-02,2346
2019-06-03,3516
2019-06-04,3736
2019-06-05,4787
2019-06-06,5869
2019-06-07,4059
2019-06-08,2611
2019-06-09,2580
2019-06-10,3499
2019-06-11,3769
2019-06-12,4191
2019-06-13,4209
2019-06-14,3607
2019-06-15,2106
2019-06-16,2148
2019-06-17,4187
2019-06-18,5409
2019-06-19,4359
2019-06-20,3913
2019-06-21,3772
2019-06-22,2458
2019-06-23,2162
2019-06-24,3718
2019-06-25,3688
2019-06-26,4129
2019-06-27,4531
2019-06-28,4542
2019-06-29,3204
2019-06-30,2704
2019-07-01,4340
2019-07-02,5429
2019-07-03,5024
2019-07-04,4052
2019-07-05,3593
2019-07-06,2557
2019-07-07,3350
2019-07-08,4301
2019-07-09,4051
2019-07-10,5197
2019-07-11,4541
2019-07-12,3727
2019-07-13,2098
2019-07-14,2201
2019-07-15,3869
2019-07-16,4593
2019-07-17,4166
2019-07-18,3876
2019-07-19,3704
2019-07-20,2557
2019-07-21,2415
2019-07-22,3257
2019-07-23,3213
2019-07-24,3559
2019-07-25,3238
2019-07-26,3067
2019-07-27,1871
2019-07-28,1712
2019-07-29,3149
2019-07-30,3765
2019-07-31,4191
2019-08-01,3933
2019-08-02,3559
2019-08-03,1842
2019-08-04,1803
2019-08-05,2780
2019-08-06,3027
2019-08-07,3243
2019-08-08,3178
2019-08-09,3013
2019-08-10,1890
2019-08-11,1720
2019-08-12,2761
2019-08-13,2740
2019-08-14,3449
2019-08-15,3239
2019-08-16,3227
2019-08-17,2206
2019-08-18,2579
2019-08-19,4412
2019-08-20,4048
2019-08-21,5156
2019-08-22,5085
2019-08-23,4237
2019-08-24,2830
2019-08-25,2579
2019-08-26,4283
2019-08-27,4279
2019-08-28,3785
2019-08-29,4354
2019-08-30,3919
2019-08-31,2592
2019-09-01,3614
2019-09-02,3852
2019-09-03,3718
2019-09-04,3891
2019-09-05,3733
2019-09-06,3867
2019-09-07,2594
2019-09-08,2093
2019-09-09,3527
2019-09-10,3823
2019-09-11,3893
2019-09-12,3728
2019-09-13,3498
2019-09-14,2455
2019-09-15,2148
2019-09-16,3556
2019-09-17,3641
2019-09-18,4013
2019-09-19,4216
2019-09-20,3910
2019-09-21,2264
2019-09-22,2198
2019-09-23,4460
2019-09-24,4950
2019-09-25,4650
2019-09-26,4268
2019-09-27,4216
2019-09-28,2174
2019-09-29,2019
2019-09-30,3222
2019-10-01,3340
2019-10-02,3595
2019-10-03,3761
2019-10-04,3156
2019-10-05,1727
2019-10-06,2104
2019-10-07,3688
2019-10-08,4453
2019-10-09,5940
2019-10-10,5681
2019-10-11,3936
2019-10-12,2331
2019-10-13,2654
2019-10-14,3792
2019-10-15,3771
2019-10-16,4089
2019-10-17,3875
2019-10-18,3468
2019-10-19,2279
2019-10-20,1852
2019-10-21,3194
2019-10-22,3942
2019-10-23,3783
2019-10-24,3729
2019-10-25,3439
2019-10-26,2160
2019-10-27,2032
2019-10-28,3099
2019-10-29,3484
2019-10-30,3644
2019-10-31,3309
2019-11-01,3442
2019-11-02,2291
2019-11-03,2074
2019-11-04,3708
2019-11-05,3841
2019-11-06,3966
2019-11-07,4892
2019-11-08,5353
2019-11-09,4468
2019-11-10,2676
2019-11-11,4330
2019-11-12,4170
2019-11-13,3805
2019-11-14,3978
2019-11-15,3683
2019-11-16,2147
2019-11-17,2243
2019-11-18,3625
2019-11-19,3863
2019-11-20,4087
2019-11-21,3988
2019-11-22,3428
2019-11-23,2419
2019-11-24,2029
2019-11-25,3499
2019-11-26,3754
2019-11-27,3916
2019-11-28,3880
2019-11-29,3541
2019-11-30,2421
2019-12-01,2300
2019-12-02,3753
2019-12-03,4036
2019-12-04,4908
2019-12-05,4443
2019-12-06,4834
2019-12-07,2688
2019-12-08,2652
2019-12-09,4081
2019-12-10,4126
2019-12-11,3539
2019-12-12,4108
2019-12-13,3526
2019-12-14,2065
2019-12-15,2226
2019-12-16,3972
2019-12-17,3826
2019-12-18,3551
2019-12-19,3625
2019-12-20,3559
2019-12-21,2584
2019-12-22,2062
2019-12-23,2909
2019-12-24,2288
2019-12-25,1655
2019-12-26,1869
2019-12-27,2296
2019-12-28,1818
2019-12-29,1899
2019-12-30,2739
2019-12-31,2241
2020-01-01,37
2020-01-02,63
2020-01-03,28
2020-01-04,33
2020-01-05,1133
2020-01-06,4079
2020-01-07,3882
2020-01-08,3768
2020-01-09,3363
2020-01-10,3092
2020-01-11,2780
2020-01-12,2545
2020-01-13,3999
2020-01-14,4662
2020-01-15,4207
2020-01-16,5131
2020-01-17,5261
2020-01-18,3342
2020-01-19,4817
2020-01-20,5400
2020-01-21,4379
2020-01-22,4126
2020-01-23,4828
2020-01-24,4849
2020-01-25,2655
2020-01-26,2599
2020-01-27,4703
2020-01-28,4682
2020-01-29,4689
2020-01-30,3968
2020-01-31,3993
2020-02-01,2516
2020-02-02,2621
2020-02-03,3782
2020-02-04,3867
2020-02-05,3644
2020-02-06,3886
2020-02-07,3286
2020-02-08,2147
2020-02-09,1968
2020-02-10,3924
2020-02-11,3730
2020-02-12,4204
2020-02-13,4546
2020-02-14,5586
2020-02-15,4695
2020-02-16,3713
2020-02-17,4540
2020-02-18,4614
2020-02-19,4136
2020-02-20,6661
2020-02-21,5581
2020-02-22,3105
2020-02-23,2462
2020-02-24,3765
2020-02-25,3973
2020-02-26,4020
2020-02-27,3691
2020-02-28,3383
2020-02-29,2329
2020-03-01,2084
2020-03-02,3633
2020-03-03,3643
2020-03-04,3602
2020-03-05,3489
2020-03-06,3431
2020-03-07,2172
2020-03-08,1751
2020-03-09,3349
2020-03-10,3611
2020-03-11,3643
2020-03-12,3376
2020-03-13,3120
2020-03-14,1946
2020-03-15,2390
2020-03-16,3640
2020-03-17,3788
2020-03-18,3794
2020-03-19,3620
2020-03-20,3037
2020-03-21,2272
2020-03-22,2379
2020-03-23,3274
2020-03-24,3392
2020-03-25,3423
2020-03-26,3253
2020-03-27,3159
2020-03-28,2224
2020-03-29,2249
2020-03-30,3063
2020-03-31,3126
2020-04-01,3113
2020-04-02,3335
2020-04-03,3150
2020-04-04,1940
2020-04-05,1927
2020-04-06,3059
2020-04-07,2943
2020-04-08,3065
2020-04-09,3268
2020-04-10,2717
2020-04-11,1866
2020-04-12,1725
2020-04-13,2096
2020-04-14,2817
2020-04-15,3419
2020-04-16,3238
2020-04-17,3106
2020-04-18,2402
2020-04-19,2274
2020-04-20,3126
2020-04-21,3148
2020-04-22,3328
2020-04-23,3982
2020-04-24,3626
2020-04-25,2247
2020-04-26,2160
2020-04-27,3208
2020-04-28,3300
2020-04-29,3645
2020-04-30,4507
2020-05-01,3118
2020-05-02,2237
2020-05-03,2228
2020-05-04,3620
2020-05-05,4182
2020-05-06,3741
2020-05-07,4034
2020-05-08,4993
2020-05-09,3136
2020-05-10,2474
2020-05-11,3424
2020-05-12,3768
2020-05-13,4179
2020-05-14,3662
2020-05-15,3427
2020-05-16,2394
2020-05-17,1854
2020-05-18,3702
2020-05-19,4088
2020-05-20,3487
2020-05-21,3161
2020-05-22,2611
2020-05-23,2027
2020-05-24,2015
2020-05-25,3326
2020-05-26,3948
2020-05-27,3764
2020-05-28,3869
2020-05-29,3018
2020-05-30,2533
2020-05-31,2148
2020-06-01,2783
2020-06-02,3642
2020-06-03,4353
2020-06-04,5340
2020-06-05,4855
2020-06-06,3855
2020-06-07,3268
2020-06-08,4055
2020-06-09,4143
2020-06-10,4856
2020-06-11,3997
2020-06-12,3299
2020-06-13,2442
2020-06-14,2436
2020-06-15,3932
2020-06-16,4880
2020-06-17,4370
2020-06-18,4665
2020-06-19,4603
2020-06-20,2731
2020-06-21,2536
2020-06-22,4282
2020-06-23,4448
2020-06-24,4267
2020-06-25,4546
2020-06-26,3762
2020-06-27,2149
2020-06-28,2043
2020-06-29,3687
2020-06-30,3694
2020-07-01,4551
2020-07-02,3894
2020-07-03,3411
2020-07-04,1813
2020-07-05,1736
2020-07-06,2915
2020-07-07,3151
2020-07-08,3519
2020-07-09,3516
2020-07-10,3198
2020-07-11,1907
2020-07-12,1900
2020-07-13,3058
2020-07-14,3325
2020-07-15,3425
2020-07-16,3500
2020-07-17,3568
2020-07-18,1942
2020-07-19,2019
2020-07-20,3052
2020-07-21,3472
2020-07-22,3225
2020-07-23,3427
2020-07-24,2828
2020-07-25,1787
2020-07-26,1620
2020-07-27,3167
2020-07-28,3609
2020-07-29,4362
2020-07-30,3576
2020-07-31,2972
2020-08-01,1989
2020-08-02,1979
2020-08-03,2948
2020-08-04,3064
2020-08-05,3008
2020-08-06,3481
2020-08-07,2867
2020-08-08,1842
2020-08-09,1954
2020-08-10,2959
2020-08-11,3622
2020-08-12,3195
2020-08-13,3596
2020-08-14,3492
2020-08-15,2143
2020-08-16,2130
2020-08-17,3334
2020-08-18,3489
2020-08-19,3719
2020-08-20,4073
2020-08-21,4735
2020-08-22,3330
2020-08-23,2209
2020-08-24,3936
2020-08-25,4171
2020-08-26,4116
2020-08-27,4240
2020-08-28,3870
2020-08-29,2689
2020-08-30,2661
2020-08-31,3818
2020-09-01,3525
2020-09-02,5058
2020-09-03,4899
2020-09-04,4306
2020-09-05,2646
2020-09-06,2772
2020-09-07,3897
2020-09-08,3703
2020-09-09,4011
2020-09-10,4266
2020-09-11,4355
2020-09-12,2510
2020-09-13,2064
2020-09-14,4054
2020-09-15,4211
2020-09-16,4103
2020-09-17,4288
2020-09-18,3315
2020-09-19,2031
2020-09-20,2245
2020-09-21,3534
2020-09-22,3492
2020-09-23,4441
2020-09-24,3796
2020-09-25,2906
2020-09-26,1639
2020-09-27,1682
2020-09-28,3175
2020-09-29,3250
2020-09-30,3274
2020-10-01,3714
2020-10-02,3233
2020-10-03,2129
2020-10-04,1682
2020-10-05,2988
2020-10-06,3465
2020-10-07,3344
2020-10-08,2952
2020-10-09,1566
2020-10-10,2073
2020-10-11,1492
2020-10-12,2762
2020-10-13,2672
2020-10-14,2717
2020-10-15,2882
2020-10-16,1438
2020-10-17,1598
2020-10-18,1372
2020-10-19,1902
2020-10-20,2102
2020-10-21,2462
2020-10-22,2229
2020-10-23,1325
2020-10-24,1017
2020-10-25,1236
2020-10-26,2090
2020-10-27,1871
2020-10-28,2166
2020-10-29,1688
2020-10-30,1038
2020-10-31,671
2020-11-01,888
2020-11-02,1761
2020-11-03,1691
2020-11-04,1623
2020-11-05,1370
2020-11-06,987
2020-11-07,394
2020-11-08,910
2020-11-09,2424
2020-11-10,2026
2020-11-11,2044
2020-11-12,1603
2020-11-13,404
2020-11-14,352
2020-11-15,659
2020-11-16,1711
2020-11-17,1926
2020-11-18,4034
2020-11-19,3730
2020-11-20,3572
2020-11-21,2221
2020-11-22,2148
2020-11-23,3111
2020-11-24,3042
2020-11-25,3349
2020-11-26,2807
2020-11-27,2790
2020-11-28,2008
2020-11-29,1630
2020-11-30,2742
2020-12-01,3469
2020-12-02,3140
2020-12-03,3236
2020-12-04,3105
2020-12-05,1836
2020-12-06,1902
2020-12-07,3026
2020-12-08,3510
2020-12-09,3661
2020-12-10,3288
2020-12-11,3132
2020-12-12,2015
2020-12-13,2337
2020-12-14,3260
2020-12-15,3334
2020-12-16,3257
2020-12-17,3251
2020-12-18,2663
2020-12-19,1467
2020-12-20,2315
2020-12-21,3683
2020-12-22,3108
2020-12-23,2815
2020-12-24,2012
2020-12-25,1425
2020-12-26,1551
2020-12-27,1611
2020-12-28,2054
2020-12-29,2694
2020-12-30,2384
2020-12-31,1934
2021-01-01,1564
2021-01-02,1307
2021-01-03,1452
2021-01-04,2298
2021-01-05,2733
2021-01-06,2480
2021-01-07,2883
2021-01-08,2503
2021-01-09,1517
2021-01-10,1737
2021-01-11,2818
2021-01-12,3249
2021-01-13,3092
2021-01-14,2881
2021-01-15,3203
2021-01-16,2373
2021-01-17,2571
2021-01-18,3960
2021-01-19,3260
2021-01-20,2857
2021-01-21,3137
2021-01-22,2922
2021-01-23,2028
2021-01-24,1930
2021-01-25,3157
2021-01-26,3798
2021-01-27,3954
2021-01-28,4278
2021-01-29,3468
2021-01-30,2038
2021-01-31,2230
2021-02-01,3282
2021-02-02,3793
2021-02-03,3676
2021-02-04,3548
2021-02-05,4226
2021-02-06,2306
2021-02-07,1870
2021-02-08,3084
2021-02-09,3139
2021-02-10,3310
2021-02-11,3380
2021-02-12,3300
2021-02-13,1897
2021-02-14,1981
2021-02-15,2787
2021-02-16,2935
2021-02-17,2975
2021-02-18,2914
2021-02-19,3483
2021-02-20,2532
2021-02-21,2005
2021-02-22,3126
2021-02-23,3181
2021-02-24,4096
2021-02-25,3479
2021-02-26,3154
2021-02-27,1567
2021-02-28,1894
2021-03-01,2610
2021-03-02,3453
2021-03-03,2945
2021-03-04,3239
2021-03-05,2749
2021-03-06,1708
2021-03-07,1475
2021-03-08,2274
2021-03-09,2799
2021-03-10,2904
2021-03-11,2739
2021-03-12,2498
2021-03-13,1755
2021-03-14,1819
2021-03-15,3337
2021-03-16,3567
2021-03-17,3160
2021-03-18,3252
2021-03-19,3230
2021-03-20,2007
2021-03-21,1773
2021-03-22,2802
2021-03-23,3077
2021-03-24,3311
2021-03-25,3410
2021-03-26,2887
2021-03-27,1794
2021-03-28,1590
2021-03-29,2616
2021-03-30,3235
2021-03-31,3508
2021-04-01,2797
2021-04-02,2237
2021-04-03,1566
2021-04-04,1496
2021-04-05,2030
2021-04-06,2717
2021-04-07,2649
2021-04-08,3559
2021-04-09,3498
2021-04-10,1963
2021-04-11,1983
2021-04-12,2941
2021-04-13,3604
2021-04-14,3142
2021-04-15,3096
2021-04-16,3190
2021-04-17,2014
2021-04-18,2030
2021-04-19,2671
2021-04-20,2908
2021-04-21,3158
2021-04-22,2999
2021-04-23,2920
2021-04-24,1715
2021-04-25,1634
2021-04-26,2668
2021-04-27,2769
2021-04-28,2580
2021-04-29,2961
2021-04-30,2683
2021-05-01,1863
2021-05-02,1821
2021-05-03,2536
2021-05-04,2812
2021-05-05,3071
2021-05-06,2867
2021-05-07,3100
2021-05-08,2062
2021-05-09,1865
2021-05-10,2856
2021-05-11,2899
2021-05-12,2790
2021-05-13,2353
2021-05-14,2419
2021-05-15,1672
2021-05-16,1682
2021-05-17,2660
2021-05-18,2963
2021-05-19,3555
2021-05-20,4395
2021-05-21,2944
2021-05-22,1704
2021-05-23,1561
2021-05-24,2152
2021-05-25,2660
2021-05-26,2701
2021-05-27,2879
2021-05-28,3721
2021-05-29,2032
2021-05-30,1572
2021-05-31,2843
2021-06-01,3144
2021-06-02,2902
2021-06-03,2566
2021-06-04,2610
2021-06-05,1730
2021-06-06,1745
2021-06-07,2493
2021-06-08,2745
2021-06-09,3140
2021-06-10,3163
2021-06-11,3167
2021-06-12,1919
2021-06-13,1925
2021-06-14,2660
2021-06-15,2683
2021-06-16,2512
2021-06-17,2976
2021-06-18,2480
2021-06-19,1734
2021-06-20,1609
2021-06-21,2937
2021-06-22,3439
2021-06-23,3657
2021-06-24,3678
2021-06-25,3598
2021-06-26,2175
2021-06-27,1821
2021-06-28,2738
2021-06-29,2591
2021-06-30,3097
2021-07-01,2988
2021-07-02,2730
2021-07-03,1552
2021-07-04,1302
2021-07-05,2309
2021-07-06,2557
2021-07-07,2572
2021-07-08,2459
2021-07-09,2573
2021-07-10,1611
2021-07-11,1299
2021-07-12,2579
2021-07-13,2662
2021-07-14,2834
2021-07-15,4672
2021-07-16,4688
2021-07-17,2960
2021-07-18,2959
2021-07-19,2873
2021-07-20,3138
2021-07-21,3565
2021-07-22,3475
2021-07-23,2504
2021-07-24,1380
2021-07-25,1322
2021-07-26,2292
2021-07-27,2282
2021-07-28,2308
2021-07-29,2014
2021-07-30,1803
2021-07-31,1109
2021-08-01,1673
2021-08-02,2371
2021-08-03,2060
2021-08-04,2053
2021-08-05,1896
2021-08-06,1778
2021-08-07,1104
2021-08-08,1096
2021-08-09,1831
2021-08-10,2027
2021-08-11,2553
2021-08-12,2527
2021-08-13,2206
2021-08-14,1154
2021-08-15,1102
2021-08-16,2075
2021-08-17,2323
2021-08-18,2483
2021-08-19,2801
2021-08-20,4383
2021-08-21,2363
2021-08-22,2614
2021-08-23,3351
2021-08-24,3213
2021-08-25,3232
2021-08-26,3178
2021-08-27,2904
2021-08-28,1943
2021-08-29,1866
2021-08-30,2536
2021-08-31,2713
2021-09-01,2874
2021-09-02,2718
2021-09-03,2431
2021-09-04,1692
2021-09-05,1864
2021-09-06,3160
2021-09-07,2816
2021-09-08,3038
2021-09-09,2974
2021-09-10,2750
2021-09-11,1829
2021-09-12,1497
2021-09-13,2737
2021-09-14,2707
2021-09-15,2588
2021-09-16,2995
2021-09-17,2776
2021-09-18,1365
2021-09-19,1462
2021-09-20,2643
2021-09-21,3008
2021-09-22,3102
2021-09-23,3255
2021-09-24,3730
2021-09-25,2715
2021-09-26,3597
2021-09-27,4491
2021-09-28,3797
2021-09-29,3338
2021-09-30,3254
2021-10-01,2715
2021-10-02,1650
2021-10-03,1858
2021-10-04,2211
2021-10-05,2876
2021-10-06,3183
2021-10-07,3309
2021-10-08,2716
2021-10-09,1811
2021-10-10,1888
2021-10-11,2526
2021-10-12,2489
2021-10-13,2486
2021-10-14,2394
2021-10-15,2289
2021-10-16,1753
2021-10-17,1670
2021-10-18,2579
2021-10-19,2673
2021-10-20,2778
2021-10-21,2861
2021-10-22,2909
2021-10-23,1645
2021-10-24,1592
2021-10-25,2891
2021-10-26,2826
2021-10-27,2800
2021-10-28,2559
2021-10-29,2698
2021-10-30,1905
2021-10-31,1977
2021-11-01,2324
2021-11-02,2364
2021-11-03,2728
2021-11-04,2776
2021-11-05,2810
2021-11-06,1845
2021-11-07,1810
2021-11-08,2600
2021-11-09,3379
2021-11-10,3634
2021-11-11,3338
2021-11-12,2938
2021-11-13,1814
2021-11-14,1675
2021-11-15,2965
2021-11-16,3012
2021-11-17,3333
2021-11-18,3639
2021-11-19,3368
2021-11-20,1648
2021-11-21,1487
2021-11-22,2990
2021-11-23,3190
2021-11-24,3383
2021-11-25,3256
2021-11-26,3293
2021-11-27,2069
2021-11-28,1927
2021-11-29,2648
2021-11-30,3021
2021-12-01,2865
2021-12-02,2880
2021-12-03,2415
2021-12-04,1811
2021-12-05,1620
2021-12-06,2331
2021-12-07,3185
2021-12-08,4037
2021-12-09,3363
2021-12-10,3232
2021-12-11,2045
2021-12-12,2005
2021-12-13,3050
2021-12-14,2866
2021-12-15,4064
2021-12-16,3306
2021-12-17,2800
2021-12-18,1769
2021-12-19,1814
2021-12-20,2658
2021-12-21,2761
2021-12-22,2740
2021-12-23,2465
2021-12-24,1650
2021-12-25,1222
2021-12-26,1391
2021-12-27,1861
2021-12-28,2312
2021-12-29,2198
2021-12-30,1931
2021-12-31,1555
2022-01-01,1367
2022-01-02,1244
2022-01-03,2047
2022-01-04,2134
2022-01-05,2413
2022-01-06,2266
2022-01-07,2164
2022-01-08,1452
2022-01-09,1376
2022-01-10,2301
2022-01-11,2364
2022-01-12,2482
2022-01-13,3093
2022-01-14,2515
2022-01-15,1395
2022-01-16,1456
2022-01-17,2878
2022-01-18,3965
2022-01-19,4074
2022-01-20,4533
2022-01-21,3743
2022-01-22,2992
2022-01-23,2798
2022-01-24,4038
2022-01-25,4234
2022-01-26,4447
2022-01-27,4823
2022-01-28,4003
2022-01-29,2029
2022-01-30,1557
2022-01-31,2880
2022-02-01,3129
2022-02-02,3531
2022-02-03,3706
2022-02-04,3845
2022-02-05,2179
2022-02-06,2341
2022-02-07,4870
2022-02-08,5276
2022-02-09,4290
2022-02-10,4159
2022-02-11,3760
2022-02-12,2808
2022-02-13,2805
2022-02-14,4413
2022-02-15,4168
2022-02-16,3675
2022-02-17,4235
2022-02-18,4312
2022-02-19,4653
2022-02-20,3366
2022-02-21,4248
2022-02-22,4693
2022-02-23,3964
2022-02-24,4366
2022-02-25,3843
2022-02-26,3021
2022-02-27,3477
2022-02-28,3518
2022-03-01,3090
2022-03-02,3349
2022-03-03,3324
2022-03-04,3492
2022-03-05,2298
2022-03-06,2235
2022-03-07,3027
2022-03-08,3217
2022-03-09,3419
2022-03-10,3310
2022-03-11,2734
2022-03-12,2235
2022-03-13,1851
2022-03-14,3055
2022-03-15,3041
2022-03-16,2686
2022-03-17,3760
2022-03-18,2988
2022-03-19,1778
2022-03-20,1826
2022-03-21,3200
2022-03-22,3111
2022-03-23,3091
2022-03-24,2688
2022-03-25,2727
2022-03-26,1665
2022-03-27,1634
2022-03-28,2989
2022-03-29,2868
2022-03-30,2849
2022-03-31,3177
2022-04-01,2776
2022-04-02,1691
2022-04-03,2182
2022-04-04,3763
2022-04-05,3702
2022-04-06,3276
2022-04-07,3194
2022-04-08,3218
2022-04-09,1710
2022-04-10,1876
2022-04-11,3140
2022-04-12,3075
2022-04-13,3496
2022-04-14,3266
2022-04-15,2379
2022-04-16,1949
2022-04-17,1319
2022-04-18,1734
2022-04-19,2320
2022-04-20,3088
2022-04-21,2922
2022-04-22,3404
2022-04-23,2076
2022-04-24,1861
2022-04-25,3125
2022-04-26,4428
2022-04-27,3955
2022-04-28,3685
2022-04-29,3047
2022-04-30,1988
2022-05-01,2483
2022-05-02,4003
2022-05-03,4135
2022-05-04,3748
2022-05-05,3955
2022-05-06,3184
2022-05-07,2071
2022-05-08,2612
2022-05-09,3447
2022-05-10,3793
2022-05-11,3259
2022-05-12,3378
2022-05-13,3407
2022-05-14,2596
2022-05-15,2917
2022-05-16,2871
2022-05-17,2689
2022-05-18,2682
2022-05-19,3215
2022-05-20,3136
2022-05-21,2048
2022-05-22,1804
2022-05-23,2677
2022-05-24,2799
2022-05-25,2795
2022-05-26,2611
2022-05-27,2529
2022-05-28,2064
2022-05-29,1987
2022-05-30,2771
2022-05-31,3189
2022-06-01,3140
2022-06-02,2618
2022-06-03,2637
2022-06-04,1898
2022-06-05,1523
2022-06-06,2250
2022-06-07,3239
2022-06-08,3151
2022-06-09,3484
2022-06-10,3160
2022-06-11,1941
2022-06-12,1677
2022-06-13,2684
2022-06-14,3087
2022-06-15,3093
2022-06-16,3762
2022-06-17,2863
2022-06-18,1502
2022-06-19,1650
2022-06-20,2797
2022-06-21,2806
2022-06-22,3133
2022-06-23,3025
2022-06-24,2836
2022-06-25,2439
2022-06-26,3020
2022-06-27,4439
2022-06-28,4042
2022-06-29,2972
2022-06-30,2654
2022-07-01,2482
2022-07-02,1504
2022-07-03,1395
2022-07-04,2125
2022-07-05,2350
2022-07-06,2307
2022-07-07,2304
2022-07-08,2600
2022-07-09,2038
2022-07-10,1925
2022-07-11,2556
2022-07-12,2278
2022-07-13,2296
2022-07-14,2573
2022-07-15,2476
2022-07-16,1474
2022-07-17,1564
2022-07-18,2514
2022-07-19,2391
2022-07-20,2459
2022-07-21,2350
2022-07-22,2226
2022-07-23,1448
2022-07-24,1166
2022-07-25,2046
2022-07-26,2425
2022-07-27,2557
2022-07-28,2367
2022-07-29,2279
2022-07-30,1537
2022-07-31,1269
2022-08-01,1970
2022-08-02,2171
2022-08-03,2496
2022-08-04,2305
2022-08-05,1877
2022-08-06,1085
2022-08-07,1307
2022-08-08,1944
2022-08-09,1980
2022-08-10,1900
2022-08-11,2174
2022-08-12,2286
2022-08-13,1368
2022-08-14,1309
2022-08-15,1952
2022-08-16,2259
2022-08-17,2678
2022-08-18,2263
2022-08-19,2352
2022-08-20,1430
2022-08-21,1555
2022-08-22,2622
2022-08-23,2649
2022-08-24,2444
2022-08-25,2700
2022-08-26,2309
2022-08-27,1282
2022-08-28,1422
2022-08-29,2508
2022-08-30,3098
2022-08-31,3255
2022-09-01,2847
2022-09-02,2616
2022-09-03,1627
2022-09-04,2459
2022-09-05,2939
2022-09-06,2907
2022-09-07,2762
2022-09-08,3211
2022-09-09,2683
2022-09-10,1942
2022-09-11,1684
2022-09-12,3038
2022-09-13,2884
2022-09-14,2804
2022-09-15,2680
2022-09-16,2664
2022-09-17,1650
2022-09-18,1342
2022-09-19,2288
2022-09-20,2470
2022-09-21,2827
2022-09-22,2459
2022-09-23,2408
2022-09-24,1473
2022-09-25,1531
2022-09-26,2158
2022-09-27,2850
2022-09-28,3060
2022-09-29,2718
2022-09-30,2262
2022-10-01,1616
2022-10-02,1440
2022-10-03,2162
2022-10-04,2848
2022-10-05,2692
2022-10-06,2674
2022-10-07,2407
2022-10-08,1602
2022-10-09,1588
2022-10-10,2884
2022-10-11,2856
2022-10-12,2695
2022-10-13,2552
2022-10-14,2327
2022-10-15,1621
2022-10-16,1381
2022-10-17,2526
2022-10-18,2749
2022-10-19,2570
2022-10-20,3181
2022-10-21,2458
2022-10-22,1587
2022-10-23,1508
2022-10-24,2297
2022-10-25,3110
2022-10-26,2942
2022-10-27,2774
2022-10-28,2513
2022-10-29,1422
2022-10-30,1527
2022-10-31,1998
2022-11-01,2316
2022-11-02,2199
2022-11-03,3020
2022-11-04,3345
2022-11-05,1921
2022-11-06,1605
2022-11-07,2370
2022-11-08,2573
2022-11-09,2517
2022-11-10,2306
2022-11-11,874
2022-11-12,1748
2022-11-13,1562
2022-11-14,2348
2022-11-15,2449
2022-11-16,2582
2022-11-17,2059
2022-11-18,2108
2022-11-19,1326
2022-11-20,1183
2022-11-21,2176
2022-11-22,2317
2022-11-23,2494
2022-11-24,2447
2022-11-25,2475
2022-11-26,1555
2022-11-27,1306
2022-11-28,2145
2022-11-29,2811
2022-11-30,2685
2022-12-01,2745
2022-12-02,2686
2022-12-03,1412
2022-12-04,1188
2022-12-05,2278
2022-12-06,2369
2022-12-07,3887
2022-12-08,3660
2022-12-09,2857
2022-12-10,2252
2022-12-11,1604
2022-12-12,2352
2022-12-13,2610
2022-12-14,2140
2022-12-15,2376
2022-12-16,2338
2022-12-17,1557
2022-12-18,1290
2022-12-19,2260
2022-12-20,2791
2022-12-21,2497
2022-12-22,2517
2022-12-23,1926
2022-12-24,998
2022-12-25,870
2022-12-26,1116
2022-12-27,1568
2022-12-28,1795
2022-12-29,1858
2022-12-30,1350
2022-12-31,2504
2023-01-01,1377
2023-01-02,1991
2023-01-03,2293
2023-01-04,2493
2023-01-05,3166
2023-01-06,2817
2023-01-07,1545
2023-01-08,2043
2023-01-09,2780
2023-01-10,2917
2023-01-11,3093
2023-01-12,2717
2023-01-13,2900
2023-01-14,2121
2023-01-15,1950
2023-01-16,3562
2023-01-17,4596
2023-01-18,4322
2023-01-19,4835
2023-01-20,5521
2023-01-21,3201
2023-01-22,3460
2023-01-23,4636
2023-01-24,4836
2023-01-25,5888
2023-01-26,4763
2023-01-27,4131
2023-01-28,2431
2023-01-29,2376
2023-01-30,3269
2023-01-31,3131
2023-02-01,3048
2023-02-02,2970
2023-02-03,2961
2023-02-04,1632
2023-02-05,1904
2023-02-06,2169
2023-02-07,2840
2023-02-08,3132
2023-02-09,3107
2023-02-10,2726
2023-02-11,2022
2023-02-12,1714
2023-02-13,2740
2023-02-14,2967
2023-02-15,3214
2023-02-16,3635
2023-02-17,4278
2023-02-18,3578
2023-02-19,3257
2023-02-20,3296
2023-02-21,3523
2023-02-22,3151
2023-02-23,3045
2023-02-24,3245
2023-02-25,2706
2023-02-26,1951
2023-02-27,2435
2023-02-28,2763
2023-03-01,3013
2023-03-02,3317
2023-03-03,4170
2023-03-04,2210
2023-03-05,1740
2023-03-06,2888
2023-03-07,3050
2023-03-08,3019
2023-03-09,2962
2023-03-10,3846
2023-03-11,2050
2023-03-12,1844
2023-03-13,2877
2023-03-14,3083
2023-03-15,3408
2023-03-16,3365
2023-03-17,2417
2023-03-18,1784
2023-03-19,1565
2023-03-20,2218
2023-03-21,2572
2023-03-22,1228
2023-03-23,2427
2023-03-24,4944
2023-03-25,3084
2023-03-26,2641
2023-03-27,4439
2023-03-28,4565
2023-03-29,5471
2023-03-30,5181
2023-03-31,4316
2023-04-01,2515
2023-04-02,2313
2023-04-03,3879
2023-04-04,3977
2023-04-05,3656
2023-04-06,3382
2023-04-07,2469
2023-04-08,1957
2023-04-09,2363
2023-04-10,2477
2023-04-11,3030
2023-04-12,3542
2023-04-13,3711
2023-04-14,3477
2023-04-15,2306
2023-04-16,2078
2023-04-17,3371
2023-04-18,3484
2023-04-19,4206
2023-04-20,3638
2023-04-21,4199
2023-04-22,2838
2023-04-23,2192
2023-04-24,3635
2023-04-25,3666
2023-04-26,3692
2023-04-27,3599
2023-04-28,2983
2023-04-29,1761
2023-04-30,1782
2023-05-01,2165
2023-05-02,2966
2023-05-03,3838
2023-05-04,3668
2023-05-05,3345
2023-05-06,1964
2023-05-07,1749
2023-05-08,3486
2023-05-09,3991
2023-05-10,3656
2023-05-11,4014
2023-05-12,3627
2023-05-13,3057
2023-05-14,4286
2023-05-15,4161
2023-05-16,3893
2023-05-17,3715
2023-05-18,2937
2023-05-19,2767
2023-05-20,1798
2023-05-21,2039
2023-05-22,3132
2023-05-23,3862
2023-05-24,4244
2023-05-25,3769
2023-05-26,4031
2023-05-27,2555
2023-05-28,1922
2023-05-29,2460
2023-05-30,3065
2023-05-31,3443
2023-06-01,3893
2023-06-02,3254
2023-06-03,1996
2023-06-04,2037
2023-06-05,3167
2023-06-06,3837
2023-06-07,3433
2023-06-08,3001
2023-06-09,3188
2023-06-10,2149
2023-06-11,1834
2023-06-12,3299
2023-06-13,3367
2023-06-14,3519
2023-06-15,3892
2023-06-16,3650
2023-06-17,2109
2023-06-18,1934
2023-06-19,3673
2023-06-20,4064
2023-06-21,3707
2023-06-22,3748
2023-06-23,3123
2023-06-24,1977
2023-06-25,1615
2023-06-26,3183
2023-06-27,3160
2023-06-28,3312
2023-06-29,2957
2023-06-30,2670
2023-07-01,2024
2023-07-02,1901
2023-07-03,2677
2023-07-04,2819
2023-07-05,2766
2023-07-06,3153
2023-07-07,2995
2023-07-08,2020
2023-07-09,1889
2023-07-10,3163
2023-07-11,3469
2023-07-12,3295
2023-07-13,3052
2023-07-14,2603
2023-07-15,1528
2023-07-16,1327
2023-07-17,2331
2023-07-18,2543
2023-07-19,2713
2023-07-20,3297
2023-07-21,2768
2023-07-22,1500
2023-07-23,1534
2023-07-24,2454
2023-07-25,2526
2023-07-26,2711
2023-07-27,2508
2023-07-28,2358
2023-07-29,1559
2023-07-30,1382
2023-07-31,2128
2023-08-01,2610
2023-08-02,2643
2023-08-03,2436
2023-08-04,2465
2023-08-05,1617
2023-08-06,1510
2023-08-07,2724
2023-08-08,2446
2023-08-09,2709
2023-08-10,2775
2023-08-11,2337
2023-08-12,1417
2023-08-13,1528
2023-08-14,2640
2023-08-15,2380
2023-08-16,2550
2023-08-17,2916
2023-08-18,2492
2023-08-19,1390
2023-08-20,1347
2023-08-21,2324
2023-08-22,2300
2023-08-23,2453
2023-08-24,2568
2023-08-25,2279
2023-08-26,1802
2023-08-27,1402
2023-08-28,2126
2023-08-29,2613
2023-08-30,2621
2023-08-31,2565
2023-09-01,2793
2023-09-02,1539
2023-09-03,1573
2023-09-04,2700
2023-09-05,2798
2023-09-06,2755
2023-09-07,2811
2023-09-08,2975
2023-09-09,1773
2023-09-10,2042
2023-09-11,3554
2023-09-12,3483
2023-09-13,3455
2023-09-14,3239
2023-09-15,3492
2023-09-16,2041
2023-09-17,2276
2023-09-18,3697
2023-09-19,4029
2023-09-20,3634
2023-09-21,3103
2023-09-22,2934
2023-09-23,1979
2023-09-24,1885
2023-09-25,3194
2023-09-26,3809
2023-09-27,3519
2023-09-28,4037
2023-09-29,3554
2023-09-30,2328
2023-10-01,1828
2023-10-02,2992
2023-10-03,3166
2023-10-04,3315
2023-10-05,3984
2023-10-06,3607
2023-10-07,2257
2023-10-08,2656
2023-10-09,4104
2023-10-10,3875
2023-10-11,3599
2023-10-12,4195
2023-10-13,3548
2023-10-14,2109
2023-10-15,2031
2023-10-16,3475
2023-10-17,3925
2023-10-18,4245
2023-10-19,3877
2023-10-20,3372
2023-10-21,1998
2023-10-22,1938
2023-10-23,3051
2023-10-24,3117
2023-10-25,3059
2023-10-26,3008
2023-10-27,2636
2023-10-28,1679
2023-10-29,1676
2023-10-30,3707
2023-10-31,3205
2023-11-01,2992
2023-11-02,3173
2023-11-03,3173
2023-11-04,2297
2023-11-05,2202
2023-11-06,2881
2023-11-07,3287
2023-11-08,3269
2023-11-09,3955
2023-11-10,3364
2023-11-11,2033
2023-11-12,1820
2023-11-13,3185
2023-11-14,3177
2023-11-15,3299
2023-11-16,3135
2023-11-17,3564
2023-11-18,2390
2023-11-19,1856
2023-11-20,2784
2023-11-21,4009
2023-11-22,3971
2023-11-23,3596
2023-11-24,3039
2023-11-25,1894
2023-11-26,1654
2023-11-27,2956
2023-11-28,3814
2023-11-29,3175
2023-11-30,3335
2023-12-01,3037
2023-12-02,1933
2023-12-03,2097
2023-12-04,3059
2023-12-05,3137
2023-12-06,3061
2023-12-07,2997
2023-12-08,2582
2023-12-09,1997
2023-12-10,1480
2023-12-11,2823
2023-12-12,2925
2023-12-13,2950
2023-12-14,3479
2023-12-15,3443
2023-12-16,1911
2023-12-17,1904
2023-12-18,3135
2023-12-19,3071
2023-12-20,3109
2023-12-21,2686
2023-12-22,2398
2023-12-23,1843
2023-12-24,1672
2023-12-25,1356
2023-12-26,1564
2023-12-27,2649
2023-12-28,2356
2023-12-29,2057
2023-12-30,1440
2023-12-31,1712
2024-01-01,1704
2024-01-02,1916
2024-01-03,2119
2024-01-04,2443
2024-01-05,2911
2024-01-06,1799
2024-01-07,1638
2024-01-08,3411
2024-01-09,3137
2024-01-10,2950
2024-01-11,2925
2024-01-12,2616
2024-01-13,1711
2024-01-14,1842
2024-01-15,3045
2024-01-16,2959
2024-01-17,3652
2024-01-18,3402
2024-01-19,3416
2024-01-20,2116
2024-01-21,2151
2024-01-22,3266
2024-01-23,3553
2024-01-24,4112
2024-01-25,3452
2024-01-26,3120
2024-01-27,2724
2024-01-28,2113
2024-01-29,3384
2024-01-30,3170
2024-01-31,3506
2024-02-01,3158
2024-02-02,2931
2024-02-03,1904
2024-02-04,1935
2024-02-05,2813
2024-02-06,2901
2024-02-07,3016
2024-02-08,3307
2024-02-09,3196
2024-02-10,2525
2024-02-11,1814
2024-02-12,3566
2024-02-13,3566
2024-02-14,3526
2024-02-15,4830
2024-02-16,7898
2024-02-17,5663
2024-02-18,3983
2024-02-19,4981
2024-02-20,3836
2024-02-21,3264
2024-02-22,3830
2024-02-23,3687
2024-02-24,2488
2024-02-25,1899
2024-02-26,3840
2024-02-27,4327
2024-02-28,4674
2024-02-29,3788
2024-03-01,4218
2024-03-02,3178
2024-03-03,2989
2024-03-04,5206
2024-03-05,5113
2024-03-06,4111
2024-03-07,3562
2024-03-08,3231
2024-03-09,1911
2024-03-10,2119
2024-03-11,3920
2024-03-12,3626
2024-03-13,3925
2024-03-14,3557
2024-03-15,3913
2024-03-16,2282
2024-03-17,2399
2024-03-18,3510
2024-03-19,4115
2024-03-20,3386
2024-03-21,3234
2024-03-22,2784
2024-03-23,1832
2024-03-24,1499
2024-03-25,2479
2024-03-26,2671
2024-03-27,2909
2024-03-28,2772
2024-03-29,2150
2024-03-30,1639
2024-03-31,1362
2024-04-01,1894
2024-04-02,2425
2024-04-03,2599
2024-04-04,3092
2024-04-05,2922
2024-04-06,1495
2024-04-07,1616
2024-04-08,3307
2024-04-09,3369
2024-04-10,3160
2024-04-11,3054
2024-04-12,3627
2024-04-13,2518
2024-04-14,2167
2024-04-15,3176
2024-04-16,3459
2024-04-17,3687
2024-04-18,3743
2024-04-19,2995
2024-04-20,1558
2024-04-21,1460
2024-04-22,3448
2024-04-23,4010
2024-04-24,3985
2024-04-25,3279
2024-04-26,3580
2024-04-27,2101
2024-04-28,2139
2024-04-29,3365
2024-04-30,3396
2024-05-01,2366
2024-05-02,2642
2024-05-03,3236
2024-05-04,1977
2024-05-05,2146
2024-05-06,3388
2024-05-07,3733
2024-05-08,3784
2024-05-09,2933
2024-05-10,2916
2024-05-11,1748
2024-05-12,1588
2024-05-13,2833
2024-05-14,2597
2024-05-15,2750
2024-05-16,2814
2024-05-17,2787
2024-05-18,1957
2024-05-19,1557
2024-05-20,2034
2024-05-21,3352
2024-05-22,3199
2024-05-23,3448
2024-05-24,3096
2024-05-25,1986
2024-05-26,2261
2024-05-27,3554
2024-05-28,3294
2024-05-29,3156
2024-05-30,3004
2024-05-31,3596
2024-06-01,2329
2024-06-02,2100
2024-06-03,3422
2024-06-04,3441
2024-06-05,3823
2024-06-06,4442
2024-06-07,3478
2024-06-08,2034
2024-06-09,2111
2024-06-10,3233
2024-06-11,4037
2024-06-12,3597
2024-06-13,3340
2024-06-14,2863
2024-06-15,2247
2024-06-16,2044
2024-06-17,2985
2024-06-18,2865
2024-06-19,2546
2024-06-20,2839
2024-06-21,2937
2024-06-22,1932
2024-06-23,1765
2024-06-24,2871
2024-06-25,2838
2024-06-26,2907
2024-06-27,2851
2024-06-28,2546
2024-06-29,1523
2024-06-30,1516
2024-07-01,2408
2024-07-02,2649
2024-07-03,2618
2024-07-04,2299
2024-07-05,2323
2024-07-06,1513
2024-07-07,1422
2024-07-08,2572
2024-07-09,2751
2024-07-10,2662
2024-07-11,3005
2024-07-12,2756
2024-07-13,1748
2024-07-14,1552
2024-07-15,2384
2024-07-16,2636
2024-07-17,2944
2024-07-18,3067
2024-07-19,2986
2024-07-20,1816
2024-07-21,1504
2024-07-22,2294
2024-07-23,2293
2024-07-24,3027
2024-07-25,2870
2024-07-26,2204
2024-07-27,1245
2024-07-28,1265
2024-07-29,2097
2024-07-30,2672
2024-07-31,2509
2024-08-01,4090
2024-08-02,4428
2024-08-03,1779
2024-08-04,1654
2024-08-05,2263
2024-08-06,2280
2024-08-07,2180
2024-08-08,2167
2024-08-09,2214
2024-08-10,1487
2024-08-11,1446
2024-08-12,2420
2024-08-13,2403
2024-08-14,3457
2024-08-15,2828
2024-08-16,2309
2024-08-17,1770
2024-08-18,1565
2024-08-19,2784
2024-08-20,3150
2024-08-21,2806
2024-08-22,2588
2024-08-23,2885
2024-08-24,2857
2024-08-25,2442
2024-08-26,2796
2024-08-27,2862
2024-08-28,3481
2024-08-29,3327
2024-08-30,3189
2024-08-31,1979
2024-09-01,2391
2024-09-02,2994
2024-09-03,3005
2024-09-04,3302
2024-09-05,4469
2024-09-06,4559
2024-09-07,2143
2024-09-08,1874
2024-09-09,3194
2024-09-10,3612
2024-09-11,3672
2024-09-12,3390
2024-09-13,3624
2024-09-14,2004
2024-09-15,1757
2024-09-16,3325
2024-09-17,3330
2024-09-18,2768
2024-09-19,2885
2024-09-20,2678
2024-09-21,1599
2024-09-22,1576
2024-09-23,2593
2024-09-24,2925
2024-09-25,3196
2024-09-26,3229
2024-09-27,2869
2024-09-28,1754
2024-09-29,1522
2024-09-30,2596
2024-10-01,2828
2024-10-02,3303
2024-10-03,2865
2024-10-04,2656
2024-10-05,1551
2024-10-06,1700
2024-10-07,2875
2024-10-08,3986
2024-10-09,4051
2024-10-10,3308
2024-10-11,3716
2024-10-12,1923
2024-10-13,2022
2024-10-14,3707
2024-10-15,3318
2024-10-16,3799
2024-10-17,3858
2024-10-18,4557
2024-10-19,2631
2024-10-20,2425
2024-10-21,2692
2024-10-22,3198
2024-10-23,3659
2024-10-24,3011
2024-10-25,3163
2024-10-26,1793
2024-10-27,1325
2024-10-28,2692
2024-10-29,3481
2024-10-30,3062
2024-10-31,2976
2024-11-01,2305
2024-11-02,1456
2024-11-03,1407
2024-11-04,2671
2024-11-05,3166
2024-11-06,3311
2024-11-07,4405
2024-11-08,3273
2024-11-09,2224
2024-11-10,1767
2024-11-11,3155
2024-11-12,3340
2024-11-13,3063
2024-11-14,2892
2024-11-15,3957
2024-11-16,2532
2024-11-17,2147
2024-11-18,3519
2024-11-19,3642
2024-11-20,3358
2024-11-21,2886
2024-11-22,3054
2024-11-23,1983
2024-11-24,1660
2024-11-25,3347
2024-11-26,3482
2024-11-27,3288
2024-11-28,2751
2024-11-29,2848
2024-11-30,1850
2024-12-01,1710
2024-12-02,3725
2024-12-03,3108
2024-12-04,3539
2024-12-05,3117
2024-12-06,2693
2024-12-07,1785
2024-12-08,1676
2024-12-09,3694
2024-12-10,3464
2024-12-11,3262
2024-12-12,3343
2024-12-13,2717
2024-12-14,1669
2024-12-15,1776
2024-12-16,3049
2024-12-17,3137
2024-12-18,2852
2024-12-19,2682
2024-12-20,3861
2024-12-21,6058
2024-12-22,3576
2024-12-23,3557
2024-12-24,2218
2024-12-25,1377
2024-12-26,1447
2024-12-27,2058
2024-12-28,1597
2024-12-29,1768
2024-12-30,2276
2024-12-31,2327
2025-01-01,1667
2025-01-02,2086
2025-01-03,2923
2025-01-04,1990
2025-01-05,1969
2025-01-06,2416
2025-01-07,2483
2025-01-08,3225
2025-01-09,3974
2025-01-10,3300
2025-01-11,2082
2025-01-12,2022
2025-01-13,3017
2025-01-14,3157
2025-01-15,3027
2025-01-16,2672
2025-01-17,2845
2025-01-18,1806
2025-01-19,1665
2025-01-20,2486
2025-01-21,2896
2025-01-22,3358
2025-01-23,3630
2025-01-24,2626
2025-01-25,1899
2025-01-26,2061
2025-01-27,3601
2025-01-28,3141
2025-01-29,2941
2025-01-30,3220
2025-01-31,3027
2025-02-01,1873
2025-02-02,2086
2025-02-03,2905
2025-02-04,2720
2025-02-05,2834
2025-02-06,3018
2025-02-07,2744
2025-02-08,1889
2025-02-09,1717
2025-02-10,3074
2025-02-11,3535
2025-02-12,4195
2025-02-13,5733
2025-02-14,7152
2025-02-15,5224
2025-02-16,4681
2025-02-17,5973
2025-02-18,4614
2025-02-19,3978
2025-02-20,3891
2025-02-21,4754
2025-02-22,3457
2025-02-23,4208
2025-02-24,5856
2025-02-25,4168
2025-02-26,3310
2025-02-27,3205
2025-02-28,3073
2025-03-01,2297
2025-03-02,2023
2025-03-03,3579
2025-03-04,3352
2025-03-05,3390
2025-03-06,3590
2025-03-07,3070
2025-03-08,1883
2025-03-09,1974
2025-03-10,2806
2025-03-11,2736
2025-03-12,2662
2025-03-13,2752
2025-03-14,3045
2025-03-15,1795
2025-03-16,1494
2025-03-17,2722
2025-03-18,3169
2025-03-19,3094
2025-03-20,3099
2025-03-21,2973
2025-03-22,1706
2025-03-23,1496
2025-03-24,2751
2025-03-25,2713
2025-03-26,2752
2025-03-27,2928
2025-03-28,2530
2025-03-29,1610
2025-03-30,1471
2025-03-31,2504
2025-04-01,3126
2025-04-02,3082
2025-04-03,3070
2025-04-04,2469
2025-04-05,1695
2025-04-06,1701
2025-04-07,2547
2025-04-08,2503
2025-04-09,2985
2025-04-10,2826
2025-04-11,3215
2025-04-12,1539
2025-04-13,1409
2025-04-14,2665
2025-04-15,2617
2025-04-16,2817
2025-04-17,2936
2025-04-18,2016
2025-04-19,1493
2025-04-20,1411
2025-04-21,2260
2025-04-22,2454
2025-04-23,2999
2025-04-24,2685
2025-04-25,2557
2025-04-26,1619
2025-04-27,1396
2025-04-28,2793
2025-04-29,2509
2025-04-30,2748
2025-05-01,1856
2025-05-02,2703
2025-05-03,2033
2025-05-04,1832
2025-05-05,3141
2025-05-06,4609
2025-05-07,4937
2025-05-08,4928
2025-05-09,4232
2025-05-10,2789
2025-05-11,2206
2025-05-12,3346
2025-05-13,3725
2025-05-14,3514
2025-05-15,3245
2025-05-16,3231
2025-05-17,1687
2025-05-18,1808
2025-05-19,2552
2025-05-20,2605
2025-05-21,2698
2025-05-22,3197
2025-05-23,3239
2025-05-24,2107
2025-05-25,1712
2025-05-26,3637
2025-05-27,3790
2025-05-28,5167
2025-05-29,3553
2025-05-30,2630
2025-05-31,1866
2025-06-01,1529
2025-06-02,3212
2025-06-03,3301
2025-06-04,3263
2025-06-05,4655
2025-06-06,3623
2025-06-07,2171
2025-06-08,1568
2025-06-09,2069
2025-06-10,2580
2025-06-11,2654
2025-06-12,2454
2025-06-13,2683
2025-06-14,1054
2025-06-15,5
2025-06-16,3
2025-06-17,16
2025-06-18,6
2025-06-19,2
2025-06-20,0
2025-06-21,9
2025-06-22,3
2025-06-23,5
2025-06-24,11
2025-06-25,18
2025-06-26,12
2025-06-27,10
2025-06-28,9
2025-06-29,9
2025-06-30,25
2025-07-01,36
2025-07-02,2985
2025-07-03,3022
2025-07-04,2835
2025-07-05,1516
2025-07-06,1391
2025-07-07,2543
2025-07-08,2631
2025-07-09,2985
2025-07-10,2944
2025-07-11,2796
2025-07-12,1904
2025-07-13,1585
2025-07-14,3242
2025-07-15,3085
2025-07-16,2779
2025-07-17,3554
2025-07-18,3623
2025-07-19,1675
2025-07-20,1757
2025-07-21,2963
2025-07-22,2718
2025-07-23,2934
2025-07-24,2638
2025-07-25,3047
2025-07-26,1682
2025-07-27,1731
2025-07-28,2725
2025-07-29,2808
2025-07-30,2443
2025-07-31,2418
2025-08-01,2993
2025-08-02,1447
2025-08-03,1348
2025-08-04,2054
2025-08-05,2266
2025-08-06,2010
2025-08-07,2484
2025-08-08,3009
2025-08-09,1790
2025-08-10,1831
2025-08-11,2688
2025-08-12,2223
2025-08-13,3893
2025-08-14,3040
2025-08-15,2220
2025-08-16,1622
2025-08-17,1930
2025-08-18,2802
2025-08-19,3083
2025-08-20,2484
2025-08-21,2807
2025-08-22,2680
2025-08-23,1757
2025-08-24,1450
2025-08-25,2843
2025-08-26,3209
2025-08-27,3174
2025-08-28,3487
2025-08-29,2950
2025-08-30,1863
2025-08-31,1728
2025-09-01,2615
2025-09-02,2673
2025-09-03,2919
2025-09-04,3067
2025-09-05,2566
2025-09-06,1515
2025-09-07,1358
2025-09-08,2294
2025-09-09,2807
2025-09-10,2652
2025-09-11,2673
2025-09-12,2318
2025-09-13,1558
2025-09-14,1396
2025-09-15,2476
2025-09-16,3076
2025-09-17,3616
2025-09-18,2575
2025-09-19,2631
2025-09-20,1561
2025-09-21,1639
2025-09-22,2396
2025-09-23,2524
2025-09-24,2518
2025-09-25,2867
2025-09-26,2807
2025-09-27,1948
2025-09-28,1984
2025-09-29,2789
2025-09-30,3017
2025-10-01,3166
2025-10-02,2690
2025-10-03,2930
2025-10-04,1825
2025-10-05,1585
2025-10-06,2668
2025-10-07,3182
2025-10-08,3060
2025-10-09,2798
2025-10-10,2393
2025-10-11,1468
2025-10-12,1469
2025-10-13,2734
2025-10-14,2289
2025-10-15,2859
2025-10-16,2753
2025-10-17,2651
2025-10-18,1760
2025-10-19,1637
2025-10-20,2379
2025-10-21,2685
2025-10-22,2748
2025-10-23,2718
2025-10-24,2738
2025-10-25,1516
2025-10-26,1391
2025-10-27,2433
2025-10-28,2548
2025-10-29,2559
2025-10-30,3126
2025-10-31,2510
2025-11-01,1697
2025-11-02,1692
2025-11-03,2450
2025-11-04,2990
2025-11-05,2885
2025-11-06,3032
2025-11-07,2607
2025-11-08,1500
2025-11-09,1618
2025-11-10,2657
2025-11-11,2906
2025-11-12,3095
2025-11-13,3343
2025-11-14,2801
2025-11-15,1772
2025-11-16,1579
2025-11-17,3093
2025-11-18,3007
2025-11-19,3010
2025-11-20,3216
2025-11-21,3101
2025-11-22,2050
2025-11-23,2162
2025-11-24,2740
2025-11-25,2708
2025-11-26,2625
2025-11-27,2622
2025-11-28,2677
2025-11-29,1738
2025-11-30,1287
2025-12-01,2477
2025-12-02,2716
2025-12-03,3066
2025-12-04,3159
2025-12-05,3283
2025-12-06,2173
2025-12-07,2362
2025-12-08,3050
2025-12-09,3030
2025-12-10,3096
2025-12-11,2969
2025-12-12,2788
2025-12-13,2372
2025-12-14,2862
2025-12-15,4389
2025-12-16,3939
2025-12-17,3087
2025-12-18,2663
2025-12-19,2257
2025-12-20,1400
2025-12-21,1257
2025-12-22,1948
2025-12-23,2037
2025-12-24,1878
2025-12-25,1210
2025-12-26,1406
2025-12-27,1213
2025-12-28,1175
2025-12-29,1555
2025-12-30,1640
2025-12-31,1693
